,AveExpr,Coef.B8vsN8,Coef.B28vB8,Coef.B28vN24,Coef.N24vN8,Coef.Age,t.B8vsN8,t.B28vB8,t.B28vN24,t.N24vN8,t.Age,P.value.B8vsN8,P.value.B28vB8,P.value.B28vN24,P.value.N24vN8,P.value.Age,P.value.adj.B8vsN8,P.value.adj.B28vB8,P.value.adj.B28vN24,P.value.adj.N24vN8,P.value.adj.Age,F,F.p.value,Results.B8vsN8,Results.B28vB8,Results.B28vN24,Results.N24vN8,Results.Age
Beta 2-glycoprotein ,10.4743391307179,1.16726955419707,0.224850208319204,0.310160577550608,-0.632258768327262,-0.407408560008058,2.25108742202228,0.433625184488443,0.598146822574849,-1.21931541495899,-0.555566889877744,0.0499055952130187,0.674412323237251,0.563975199975592,0.252645792321293,0.591574868835957,0.116446388830377,0.97151505043903,0.672817796681013,0.592325909569343,0.962056296376378,1.91127625735724,0.195978799086146,0,0,0,0,0
BPI,10.2602077602988,0.761322479653142,0.358378382653052,-0.292168827241923,-0.695112924242013,-0.33673454158896,1.34970949060865,0.635350613206878,-0.517971095728168,-1.23232997312994,-0.422128153630004,0.208937207405944,0.540464458571844,0.61653393680754,0.247970630117317,0.682490669038903,0.347885400610847,0.97151505043903,0.718697568455756,0.592325909569343,0.962056296376378,0.756067314378662,0.545342905866402,0,0,0,0,0
C1q,11.2345287740246,-0.261316215841655,0.582455156090859,-0.644948960352094,0.198822411580419,0.781277567671278,-0.240383619972045,0.535797896971478,-0.593285668427816,0.182895848515707,0.508193221030347,0.815230681893004,0.604631684183097,0.567089285773996,0.858791719341508,0.623112888500102,0.839208054889857,0.97151505043903,0.672817796681013,0.954213021490565,0.962056296376378,0.222677506337968,0.878339507751821,0,0,0,0,0
CENP-B,10.6660074671013,1.3741067090461,2.35919187186743,0.84448984152735,1.82957500434868,4.1887668762161,2.60481486310888,4.47218401039024,1.60085070284094,3.46821985012231,5.61471341512827,0.0277095187684461,0.00141639971684473,0.142672780841039,0.00669317768411091,0.000287461702393955,0.0692737969211153,0.0991479801791314,0.284122650261612,0.234261218943882,0.0201223191675768,13.6242633926269,0.000941034696268566,0,0,0,0,1
Chromatin,10.0704012763746,-0.610922706423759,0.0894476708358383,-0.725796693234836,-0.0254263159752384,0.0640213548605999,-2.06717782476824,0.302663888057808,-2.4558766825479,-0.0860349697218572,0.153179777156457,0.0675786254062068,0.768784146948673,0.0355135063009948,0.933256366210544,0.881517753767045,0.152596896078532,0.97151505043903,0.11299752004862,0.986301605063488,0.962056296376378,3.44267282774192,0.0632740871589355,0,0,0,0,0
Collagen IV,10.4235472602561,-1.36729057572287,-0.219585064989079,-1.29775815308601,-0.150052642352223,-0.369637707341303,-4.20994773116516,-0.676112058813679,-3.99585434814912,-0.462018675797646,-0.804779960320494,0.00209726833672813,0.515374587827364,0.00291023190504608,0.654650306502314,0.440967412688718,0.0244681305951615,0.97151505043903,0.0291023190504608,0.883277278449704,0.881934825377436,11.4460608850995,0.00177911992319838,-1,0,-1,0,0
Collagen V,10.2548340961883,-0.710819412886329,-0.339426185733005,-0.600852468716079,-0.229459241562756,-0.568885427295761,-2.39829957867083,-1.14522150559708,-2.02727190119038,-0.774193828116634,-1.35723159838241,0.0390850758698781,0.280637530037917,0.0721407931212397,0.457980816505533,0.206622244950256,0.0943432865824643,0.97151505043903,0.174132948913337,0.865356710455209,0.738108387632009,3.90124994735213,0.047122098389618,0,0,0,0,0
Collagen VI,12.8564870135422,1.91125523590791,3.79248622134929,1.15628666352407,3.03751764896545,6.83000387031473,0.744389119134188,1.47708449640829,0.450346554848504,1.18304193212261,1.88099343642775,0.474967751188916,0.172585505651851,0.662741150841203,0.266054560954985,0.0914917605662368,0.593709688986146,0.97151505043903,0.736379056490226,0.592325909569343,0.582220294512416,1.43168782934452,0.29470504786412,0,0,0,0,0
dsDNA,10.4250580355316,-0.427357083815423,0.361767526702668,0.775021120204812,1.5641457307229,1.92591325742557,-0.338851350137154,0.286845402829272,0.614514098190625,1.24021085115705,1.07979183244706,0.742221994873903,0.780497932051014,0.553561334160631,0.245174094969694,0.307350604488882,0.799315994479588,0.97151505043903,0.672817796681013,0.592325909569343,0.768376511222204,0.552799405261393,0.65855664240818,0,0,0,0,0
Elastin,10.1152561898574,-0.800856637374673,-0.108915809903333,-0.623870292374038,0.0680705350973021,-0.0408452748060313,-3.18733170795162,-0.433474355085746,-2.48294322820543,0.270914124660442,-0.11494744128498,0.0105625002688985,0.674518022688418,0.0339482442602531,0.792354337122596,0.910922199819585,0.0434926481660528,0.97151505043903,0.11299752004862,0.954213021490565,0.962056296376378,5.44576780175432,0.0195672169191138,-1,0,0,0,0
Entaktin EDTA,10.208055526053,-0.340051349790301,-0.427508187885191,0.568243682184399,0.480786844089508,0.0532786562043164,-0.827954072285553,-1.04089322190086,1.38355478078602,1.17061563117072,0.0917275952665746,0.428361768889671,0.324140478231188,0.198691578820911,0.270777558660271,0.928853443316225,0.561651560116299,0.97151505043903,0.356625910704199,0.592325909569343,0.962056296376378,0.869381909661159,0.490767985895482,0,0,0,0,0
Fibrinogen IV,10.5415760261792,0.927772854829353,1.38888277750769,-1.55592347598221,-1.09481355330388,0.29406922420381,1.34870435917002,2.01902033094655,-2.26184756718083,-1.5915315954043,0.302280183782789,0.209248195151199,0.0731201264544312,0.0490240230003131,0.144753074386017,0.769067570411587,0.347885400610847,0.97151505043903,0.131987754231612,0.506635760351061,0.962056296376378,2.3421103917046,0.139014693400318,0,0,0,0,0
Fibrinogen S,10.3611944085763,0.859845521640688,0.537030150217232,2.09353349294678,1.77071812152333,2.30774827174056,1.11279416294025,0.695013233707794,2.70940743684492,2.29162650761247,2.1118732140488,0.293639176832181,0.503983315365093,0.0232792204379743,0.0466628081835301,0.0627970702965117,0.456312624761356,0.97151505043903,0.10863636204388,0.436071212598223,0.51944599644226,4.34640266004042,0.0359687708096384,0,0,0,0,0
Fibronectin,10.5418337002609,1.91385274814688,1.37092837844412,-0.518420524678833,-1.06134489438159,0.309583484062534,1.70834763612873,1.22372123815927,-0.462753719539416,-0.947380117508882,0.195402680332577,0.120547399246886,0.251055141318624,0.654142358230107,0.367330353990128,0.849266239430469,0.234397720757834,0.97151505043903,0.736379056490226,0.734660707980256,0.962056296376378,1.05692495276512,0.412727169571381,0,0,0,0,0
Gliadin_IgG,11.5914217665945,-2.4359941425582,1.89678104061237,-3.34273644431582,0.99003873885475,2.88681977946712,-0.864751270867341,0.673336518660139,-1.18663486824358,0.351452921283899,0.724635562272794,0.408853641029156,0.517060406201864,0.26470134423089,0.73305366791107,0.486445975764596,0.550379901385402,0.97151505043903,0.421115774912779,0.93297739552318,0.896084692197941,0.893664589702851,0.479829009566912,0,0,0,0,0
Glycated Albumin,10.6358052876729,-0.561471580930288,-1.70454437740528,-0.00650009967896814,-1.14957289615396,-2.85411727355924,-0.892940460798966,-2.71083469494698,-0.0103374813609625,-1.82823171550898,-3.20960463908949,0.394332388103878,0.0232239758272469,0.991969663642794,0.0995970627405916,0.0101844458481031,0.541240532691598,0.714459181960029,0.991969663642794,0.464786292789427,0.180470691994824,3.69967048977251,0.0535242106599365,0,0,0,0,0
GP2,10.2387986110935,-0.206175179080088,-0.215475788155469,0.380400389638693,0.371099780563311,0.155623992407842,-0.605218022550329,-0.632519544771535,1.11664834060881,1.0893468183876,0.323025663004885,0.559462566579,0.542233277594684,0.292069534718997,0.303330724768638,0.753796668205558,0.652662437227009,0.97151505043903,0.438373597864169,0.643428810115293,0.962056296376378,0.572512650121295,0.646703168244814,0,0,0,0,0
HSPG,10.1114917709244,-0.402311865190711,-0.0303513633290535,-0.247566810899013,0.124393690962645,0.0940423276335913,-1.64776374726088,-0.124311213515541,-1.0139686430352,0.509483890710148,0.272358211972084,0.132601953688546,0.903705499381928,0.336164468215167,0.622242440626689,0.791277248744008,0.250868561032385,0.990564113519737,0.470630255501234,0.883277278449704,0.962056296376378,1.27247892382483,0.339438190757271,0,0,0,0,0
Histone H3,10.1035250942935,-0.849494535079975,0.0237205811163737,-0.746046680984941,0.127168435211408,0.150889016327781,-3.6203381555488,0.101091321181146,-3.17946867631826,0.541960800411683,0.454706515834685,0.00524612386575187,0.921616735868713,0.0106993992676377,0.600545085533796,0.659713472052045,0.030979282698361,0.990564113519737,0.0680870862486036,0.883277278449704,0.962056296376378,7.80754247991799,0.00656048562005248,-1,0,0,0,0
Histone H4,10.1001318928434,-0.826865958900946,-0.107963780332968,-0.583349850620751,0.135552327947227,0.0275885476142594,-3.15164181361318,-0.411509460258107,-2.22346773547804,0.516664617877039,0.0743559250290871,0.0111987524365844,0.689989810981485,0.0522398068565383,0.617410927985043,0.942296742656161,0.0435507039200505,0.97151505043903,0.135436536294729,0.883277278449704,0.962056296376378,4.96072789853792,0.0253560403271163,-1,0,0,0,0
Histone-total,10.1800906297141,-0.894150979543605,-0.184406255847103,-0.675686178048284,0.0340585456482181,-0.150347710198885,-3.05565596302401,-0.630186722588778,-2.30907816053615,0.116391079899083,-0.363308383089984,0.0131131792472942,0.543693327866068,0.0453311502602632,0.909809003672685,0.72446855974775,0.0468860727432908,0.97151505043903,0.127793587260092,0.986301605063488,0.962056296376378,4.9336227656842,0.0257367672992792,-1,0,0,0,0
Histone H1,10.6569587491846,-2.31870786543513,-1.79180765390401,-0.830085744130496,-0.303185532599382,-2.09499318650339,-2.70158194912679,-2.08767792021351,-0.967152738816279,-0.353248709902994,-1.72599577253421,0.0235844839954115,0.0653436595820926,0.357862712634959,0.731750706390585,0.117228437146794,0.0634966876799541,0.97151505043903,0.473273497583674,0.93297739552318,0.629518786042478,3.7376636182845,0.0522411055256351,0,0,0,0,0
Histone H2A,10.3968410238576,-0.581774744274874,-0.320390010050749,-0.333747408058578,-0.0723626738344532,-0.392752683885202,-1.76755735020869,-0.97341406235241,-1.01399672301402,-0.219853435157732,-0.843767539258923,0.109740154486515,0.354902268362558,0.336151755727913,0.830719470944603,0.419901687503635,0.2210843613173,0.97151505043903,0.470630255501234,0.954213021490565,0.86450347427219,1.621464000289,0.249957648390579,0,0,0,0,0
Histone H2B,10.6863019085475,1.96087601669895,-0.247960026995504,-0.921554525454962,-3.13039056914941,-3.37835059614492,1.26382611406395,-0.159815487920791,-0.593961405456166,-2.01760300744091,-1.53966738355127,0.236948552742515,0.876432253105346,0.566655829115849,0.0732896101538757,0.156831888947039,0.37696360663582,0.990564113519737,0.672817796681013,0.436071212598223,0.731882148419514,1.44020741657769,0.292508158221373,0,0,0,0,0
Intrinsic Factor,11.007576234914,3.93722614068262,0.850932304833268,1.19435460117847,-1.89193923467088,-1.04100692983761,3.61265442262147,0.780784299546078,1.09589601357712,-1.73597410949827,-0.675421191937486,0.00531073417686189,0.454278889494683,0.30059903853543,0.115389060986599,0.515793897651147,0.030979282698361,0.97151505043903,0.438373597864169,0.476613582998067,0.925783918861034,4.90281794545964,0.0261778785470108,1,0,0,0,0
Jo-1,11.0120989444621,5.05257726275561,1.97752758654078,1.6959709075097,-1.37907876870512,0.598448817835656,3.83144405952159,1.49958841398488,1.28607982041141,-1.04577582512531,0.320893958970428,0.00375844327817637,0.166767925539531,0.229406737504566,0.321995384598508,0.755360790451017,0.0263091029472346,0.97151505043903,0.382743655740017,0.662931674173398,0.962056296376378,5.47897927287214,0.0192327143763971,1,0,0,0,0
KU (P70_P80),10.3932105437731,2.59087770511777,-0.400198117767077,2.60441796521579,-0.38665785766905,-0.786855975436128,4.436523158029,-0.685284455443856,4.45970899863119,-0.662098614841663,-0.952743705854841,0.00149319787011256,0.509827179989876,0.00144277567797226,0.523920101375904,0.364744270299478,0.0209047701815759,0.97151505043903,0.0180141221629333,0.871979701405367,0.823616094224629,13.4931542177485,0.000975512782500695,1,0,1,0,0
La_SSB,10.7658844743949,4.19122124026235,-0.95022860027424,2.98707499908139,-2.1543748414552,-3.10460344172944,4.00594740565128,-0.908223541023562,2.8550307075431,-2.05914023913174,-2.09824305119516,0.00286522844783077,0.386613378812339,0.0182738873593086,0.0684747327463953,0.0642196912898042,0.0256826409437473,0.97151505043903,0.0913694367965429,0.436071212598223,0.51944599644226,9.533812953249,0.00337622450904805,1,0,0,0,0
Laminin,10.1392067791459,-0.826309851082133,-0.127771396191649,-0.0841482676877359,0.614390187202748,0.486618791011098,-1.76298343811787,-0.272608217191259,-0.179535560523097,1.31083966040352,0.734140493936484,0.11054218065865,0.791090826786067,0.861355156322128,0.221250841235124,0.480901176775954,0.2210843613173,0.97151505043903,0.886689131508073,0.592325909569343,0.896084692197941,1.22643529513586,0.353778021664795,0,0,0,0,0
LC1,10.4803101792074,4.06841438734705,-0.9353764101449,4.18930576791367,-0.814485029578282,-1.74986143972318,7.31294374792142,-1.68133194391312,7.53024507996904,-1.4640306118655,-2.22410719248131,3.71557411131249e-05,0.12579420910494,2.93133421027713e-05,0.176040608264743,0.0521845816922831,0.00130045093895937,0.97151505043903,0.00108024682347404,0.567062455468233,0.51944599644226,38.3767966761027,1.43254883201449e-05,1,0,1,0,0
M2,10.4281550592807,0.567240266457803,0.367713996578928,-0.275467509624869,-0.474993779503745,-0.107279782924817,0.706325151719426,0.457875894539107,-0.343010963845304,-0.591460221025624,-0.0944583831188541,0.497240621283189,0.657516640750448,0.73919083864073,0.568261159696011,0.926742226568242,0.610646377014442,0.97151505043903,0.7974884491856,0.871979701405367,0.962056296376378,0.208491375803661,0.888075611124447,0,0,0,0,0
MAG-FC,11.5985676643828,3.2953410630197,0.264839255447216,5.72952969951742,2.69902789194494,2.96386714739216,2.70331900185577,0.217259754907352,4.70019527939523,2.21413603244681,1.71925644898653,0.0235163768157237,0.832681878489461,0.0010149515786824,0.0530522136203269,0.118485875705535,0.0634966876799541,0.987927652445123,0.017761652626942,0.436071212598223,0.629518786042478,10.7852040092085,0.00219851906240254,0,0,1,0,0
Matrigel,10.0843275598765,-0.365143728317951,-0.228220181950592,0.0524885233052022,0.189412069672562,-0.0388081122780299,-1.41119383779583,-0.882016831873066,0.2028556836633,0.732032689586068,-0.106054804081585,0.190645206355128,0.399915881712882,0.843601956531595,0.482127310110759,0.917783760306152,0.342183703714332,0.97151505043903,0.881375178465846,0.865356710455209,0.962056296376378,0.681288699232074,0.58466640544863,0,0,0,0,0
MBP,10.1157768403961,-0.833983240926329,-0.0701207224218585,-0.681816565906484,0.0820459525979871,0.0119252301761286,-3.9903345994098,-0.335504517458606,-3.2622672733393,0.392562808611887,0.0403463045974016,0.00293515896499969,0.744664265910675,0.00934514505742933,0.703458580855053,0.968667078228041,0.0256826409437473,0.97151505043903,0.0654160154020053,0.929096238865165,0.968667078228041,8.85559526741408,0.00433492476518496,-1,0,0,0,0
Mi-2,10.1035711059467,-0.779905570118322,-0.104725624814096,-0.618369611773264,0.0568103335309615,-0.0479152912831342,-3.32222869194333,-0.446108463472439,-2.63412052070268,0.241999707768207,-0.144326685258011,0.00847605749258722,0.665690381217693,0.0263890149153715,0.814014915752966,0.888311471434564,0.039554934965407,0.97151505043903,0.109296706399974,0.954213021490565,0.962056296376378,5.99887486374534,0.0147981422658215,-1,0,0,0,0
Mitochondrial antige,10.4125095068258,1.82391696791419,-0.0835553288921762,0.969990983471902,-0.937481313334468,-1.02103664222664,3.2797758182432,-0.150249573860431,1.7442422146789,-1.68578317742473,-1.29827120891433,0.00908222744647537,0.883765246097989,0.113885012545369,0.124915678773009,0.225360163023719,0.0397347450783298,0.990564113519737,0.257159705747608,0.48578319522837,0.738108387632009,5.16160615109889,0.022736744428077,1,0,0,0,0
MPO,10.4907312911004,-0.802530279948442,0.759401087188945,-0.986232092216827,0.575699274920559,1.3351003621095,-1.02916947033915,0.973860344219573,-1.26474973635072,0.738280078208,1.21066610304214,0.3293354181225,0.354691950296177,0.236631513730614,0.478498911530463,0.255792301998519,0.480280818095312,0.97151505043903,0.385214092119604,0.865356710455209,0.738108387632009,1.37483136911087,0.309859924110255,0,0,0,0,0
Myosin,10.6203229603623,4.57560765216146,1.03707845384388,0.727359562894151,-2.81116963542343,-1.77409118157955,4.47590332846053,1.01448009888736,0.711510106642913,-2.74991312293026,-1.22713645959581,0.00140863575477515,0.335932976338531,0.494168849685804,0.0217617120809557,0.249827746998531,0.0209047701815759,0.97151505043903,0.640589249592709,0.436071212598223,0.738108387632009,7.34860704268281,0.00796154445897307,1,0,0,0,0
Nucleolin,10.1820130831981,-0.542225090342958,0.0445064922860396,-0.73713527247763,-0.150403689848632,-0.105897197562593,-2.66500738298892,0.218747034480116,-3.62298052672535,-0.739226109256318,-0.368034283239953,0.0250655776947349,0.831556436189744,0.00522409548342503,0.477950990860345,0.721057475079674,0.0649848310604239,0.987927652445123,0.0406318537599725,0.865356710455209,0.962056296376378,6.78790049401883,0.0101999193569728,0,0,-1,0,0
Nucleosome antigen,10.6915424382343,0.427470041571086,0.828908303586051,-0.364354355593981,0.0370839064209836,0.865992210007034,0.590701398185153,1.14543066479231,-0.503484703847777,0.0512445627593755,0.846177168279748,0.568748695297822,0.280555169646308,0.626293595368587,0.960210822067344,0.418622673284796,0.652662437227009,0.97151505043903,0.718697568455756,0.986301605063488,0.86450347427219,0.439480262981504,0.730131357780475,0,0,0,0,0
PCNA,10.4190274951998,2.18498343962002,-0.203710203864205,3.79354040065575,1.40484675717153,1.20113655330732,3.04270862890742,-0.283677571122414,5.28271194274658,1.95632574271674,1.18274086467363,0.0133960207837974,0.782850870861323,0.000448212558392866,0.0809846537682415,0.266168204591221,0.0468860727432908,0.97151505043903,0.0104582930291669,0.436071212598223,0.738108387632009,12.8546657411446,0.00116707877843825,1,0,1,0,0
Peroxiredoxin 1,11.5485221442701,2.38810117063642,-0.590773432185168,2.63023175717065,-0.348642845650938,-0.939416277836106,1.34059315380109,-0.331638721329359,1.47651645999298,-0.195715415137466,-0.372895685982468,0.211772132047948,0.747488972649345,0.172734615093037,0.849028375688666,0.717555336680533,0.347885400610847,0.97151505043903,0.326795217743583,0.954213021490565,0.962056296376378,1.37211401775763,0.310606246573858,0,0,0,0,0
PL-7,11.0032149673817,6.37401574456491,0.705572157304257,3.47804900232494,-2.19039458493572,-1.48482242763146,4.6691452819357,0.516851391864148,2.54776843050537,-1.60452545956618,-0.769101708992866,0.00106160702780096,0.617285514310645,0.0304728296240913,0.141859846498582,0.460854600377974,0.0209047701815759,0.97151505043903,0.112268319667705,0.506635760351061,0.896084692197941,9.62785302602598,0.00326456215178408,1,0,0,0,0
PL-12,10.1712858234739,-0.20939580557047,-0.136758761859403,-0.158432550322621,-0.0857955066115537,-0.222554268470956,-0.804178869016797,-0.525218287637667,-0.608455879938886,-0.329495298559755,-0.60437377277247,0.441297654377092,0.611680782719055,0.55740310441071,0.74905686620917,0.560000265556305,0.561651560116299,0.97151505043903,0.672817796681013,0.936321082761463,0.962056296376378,0.46072995614019,0.716286158028715,0,0,0,0,0
PM_Scl-100,10.8501906009119,5.81241832998514,-1.01860191097243,4.49230412915788,-2.33871611179969,-3.35731802277212,9.68143366759553,-1.69663060621289,7.48259020118029,-3.89547407262813,-3.95421513951351,3.58888893550322e-06,0.12279804594982,3.0864194956401e-05,0.00340066429426512,0.00310394058127812,0.000251222225485226,0.97151505043903,0.00108024682347404,0.234261218943882,0.108637920344734,55.1183771161365,2.97329238127915e-06,1,0,1,0,0
PR3,10.1108302727933,-0.755730196290433,-0.110750692613625,-0.624594994659278,0.0203845090175303,-0.0903661835960943,-2.98309306612731,-0.437166100846834,-2.46546321273348,0.0804637525469937,-0.252226649347983,0.0147813165757904,0.671933050922145,0.0349510877757375,0.937567698114668,0.806333553448259,0.0470314618320603,0.97151505043903,0.11299752004862,0.986301605063488,0.962056296376378,5.01365712572009,0.0246320044080909,-1,0,0,0,0
Prothrombin protien,10.2418025924711,-0.526448878519924,-0.766564483981321,-0.0578019887520362,-0.297917594213434,-1.06448207819476,-0.812602017877993,-1.18323330513705,-0.0892204630187813,-0.459851750277841,-1.16183658475015,0.436685031673983,0.265982343825296,0.930792263816866,0.65614883541978,0.274154543977603,0.561651560116299,0.97151505043903,0.944282006770733,0.883277278449704,0.738108387632009,0.672715526714852,0.589347193041785,0,0,0,0,0
Ribo phospho protein P1,10.182976635267,0.609339221295487,-0.39846562772845,1.01902300111244,0.0112181520885049,-0.387247475639946,0.988180963405677,-0.646201875952777,1.65257560284885,0.0181927634903948,-0.444069502069095,0.347991836849815,0.533716021416108,0.131606068736814,0.985868127475386,0.667111425242027,0.487188571589741,0.97151505043903,0.279164388229605,0.986301605063488,0.962056296376378,1.30156848741217,0.330717573909101,0,0,0,0,0
Ribo phospho protein P2,10.1036430743957,-0.702057577843915,-0.119500658374109,-0.587048238384904,-0.00449131891509857,-0.123991977289208,-2.75655003867984,-0.469205881197188,-2.30497881555038,-0.0176346580677333,-0.344248246670741,0.021522770768399,0.649691671834284,0.0456405668786042,0.986301605063488,0.738290126602343,0.0634966876799541,0.97151505043903,0.127793587260092,0.986301605063488,0.962056296376378,4.34333410373925,0.0360339846884496,0,0,0,0,0
Ribo phospho protein P0,10.5770910754502,0.554004232866379,0.0291734399579688,1.56005212081405,1.03522132790564,1.06439476786361,1.0792504199077,0.0568325031776139,3.03912281997411,2.01670490324402,1.4662123611247,0.307579609189587,0.955876943286141,0.0134754560188755,0.0733971991007796,0.175458988035599,0.458097290282363,0.990564113519737,0.0786068267767738,0.436071212598223,0.738108387632009,4.18360922389107,0.0396343512080611,0,0,0,0,0
Ro_SSA_52KDa,10.7472778839937,1.41561733476275,1.54211674853753,2.71470217541221,2.84120158918699,4.38331833772452,1.01268884589574,1.10318261295852,1.94201395070481,2.0325077177676,2.21726789655753,0.336744246589656,0.29758229942139,0.0828890040425266,0.0715258800506036,0.0527781970584891,0.481063209413794,0.97151505043903,0.193407676099229,0.436071212598223,0.51944599644226,3.2377446028128,0.0726082439832668,0,0,0,0,0
Ro_SSA_60KDa,10.0921783065972,-0.407271859307803,-0.115455271849243,-0.432404673883077,-0.140588086424517,-0.256043358273759,-1.33444897965922,-0.37829564256503,-1.41679804944995,-0.46064471235576,-0.593220413975539,0.213701031803806,0.713673340166819,0.189048201228929,0.655600277635563,0.567131153559318,0.347885400610847,0.97151505043903,0.348246686474343,0.883277278449704,0.962056296376378,1.37999375059868,0.308447707251584,0,0,0,0,0
Scl-70,10.2307139570379,0.274509464930343,-0.314545507542407,0.927151662555932,0.338096690083182,0.0235511825407748,1.09766957271622,-1.25776003006487,3.70736276630441,1.35193316352332,0.0665904612740585,0.299862581986034,0.239039481847831,0.00456924914103485,0.208250590236978,0.948312634999573,0.456312624761356,0.97151505043903,0.039980929984055,0.58310165266354,0.962056296376378,4.98461715379334,0.0250261122187292,0,0,1,0,0
Sm,10.269252319272,-0.136273809821587,-0.0730055287987472,0.675316413376388,0.738584694399227,0.66557916560048,-0.319936431818245,-0.17139851316592,1.58547210154912,1.73401002020144,1.10493319298495,0.756063750888652,0.86756961382559,0.146120220134543,0.115749013013816,0.296861065469415,0.801885796397055,0.990564113519737,0.284122650261612,0.476613582998067,0.768376511222204,1.27898615538503,0.337465032505521,0,0,0,0,0
Sm_RNP,10.2365434824746,-0.0326183874014401,0.0256501168937842,0.762682252613461,0.820950756908685,0.846600873802469,-0.0472148678097696,0.0371283492203447,1.10397676300859,1.1883199800387,0.866522823612796,0.963337022501052,0.971164814820427,0.29725494271303,0.264068584956252,0.407930222443802,0.963337022501052,0.990564113519737,0.438373597864169,0.592325909569343,0.86450347427219,0.657285246949034,0.597861825209561,0,0,0,0,0
SmD,10.262133495262,-0.796062484404768,0.0082347503101392,0.180151196982544,0.984448431697452,0.992683182007591,-1.50762288753337,0.0155953813725706,0.341179333416896,1.86439760232284,1.32935578735415,0.16473288478385,0.987885539735646,0.740524988529486,0.093972351795289,0.215311172828765,0.303455314075513,0.990564113519737,0.7974884491856,0.464786292789427,0.738108387632009,1.38550563931241,0.30694799130743,0,0,0,0,0
SRP54,10.2616402958051,-0.718964461443132,0.474939552878713,-0.82375680153983,0.370147212782015,0.845086765660728,-3.85244959358479,2.54488335041253,-4.41396164274225,1.98337130125507,3.20195957113369,0.0036368911597961,0.0306196792268584,0.00154406761396571,0.0774983542196648,0.0103126109711328,0.0263091029472346,0.714459181960029,0.0180141221629333,0.436071212598223,0.180470691994824,14.8589901166287,0.000679266221434307,-1,0,-1,0,0
ssDNA,12.3330730694588,1.53552326647425,1.24240860665306,7.30716330695403,7.01404864713285,8.25645725378591,0.545587769732131,0.44144100945879,2.59631294344596,2.49216618317262,2.0743735392473,0.598146884917846,0.668945398863821,0.0281048673599932,0.0334306923462126,0.0667859138282906,0.675327128133052,0.97151505043903,0.109296706399974,0.436071212598223,0.51944599644226,3.78051083170523,0.0508381966944914,0,0,0,0,0
Thyroglobulin,11.2849242560231,3.74185462161016,-0.843189476189561,2.00456593844284,-2.58047815935688,-3.42366763554644,3.01155956277748,-0.678624796267287,1.61333625477353,-2.07684810427124,-1.94841357334656,0.0141024065969254,0.513851268310494,0.139927579971428,0.0665153695759731,0.082032291662544,0.0470080219897513,0.97151505043903,0.284122650261612,0.436071212598223,0.574226041637808,5.15622010797474,0.0228025810443904,1,0,0,0,0
Topoisomerase I,10.1865567994056,-0.495519525391265,0.0031194181566061,-0.546758356780984,-0.0481194132331133,-0.0449999950765072,-1.92954160451569,0.0121469423637755,-2.12906443230973,-0.187375885430269,-0.123905573902469,0.0845829752894883,0.990564113519737,0.0610459766723745,0.855376775765492,0.904017940271176,0.185025258445756,0.990564113519737,0.152614941680936,0.954213021490565,0.962056296376378,2.75713291724248,0.101837538014235,0,0,0,0,0
TPO,10.6754111952843,1.31696900840961,0.137982514603813,0.92940479043183,-0.249581703373972,-0.111599188770159,3.43260095156035,0.359643171481847,2.42243799789462,-0.650519782183883,-0.205680823915969,0.00708869214210042,0.727118465142072,0.0375464134116081,0.531044574408323,0.841457297315799,0.0381698807651561,0.97151505043903,0.114271692991851,0.871979701405367,0.962056296376378,5.8977532492078,0.0155547790527789,1,0,0,0,0
TTG,10.6568351576946,3.29485928686072,0.576126051001946,2.0069818105974,-0.711751425261367,-0.135625374259421,2.71660526633812,0.475014842202162,1.65475271671115,-0.586837707424812,-0.0790707062906449,0.0230019603574899,0.645697106401358,0.131157705939184,0.571234689864124,0.938646058333745,0.0634966876799541,0.97151505043903,0.279164388229605,0.871979701405367,0.962056296376378,3.37480096771741,0.0661966590362558,0,0,0,0,0
U1-snRNP-68,10.4787361106967,-0.455819715355998,-0.0474714454558498,1.28986714965789,1.69821541955804,1.65074397410219,-0.390782824053404,-0.0406981639717923,1.10582739275187,1.45591205283348,1.00070733764349,0.70472962882154,0.968393990651485,0.296493184321368,0.178219628861445,0.342208561691362,0.781029301113548,0.990564113519737,0.438373597864169,0.567062455468233,0.79848664394651,0.792326871249689,0.527234008852506,0,0,0,0,0
U1-snRNP-A,4.93981611651026,6.73758922748298,-0.845094126277605,-17.2336508100569,-24.8163341638175,-25.6614282900951,0.377723931924768,-0.047377818006776,-0.966156013020251,-1.3912577629518,-1.01726897495205,0.714083932446672,0.96321059407917,0.358335648170496,0.196420416216719,0.334672799378916,0.781029301113548,0.990564113519737,0.473273497583674,0.572892880632096,0.79848664394651,0.703656325881299,0.572621874335567,0,0,0,0,0
U1-snRNP-BB',10.3408932084788,-0.163891603061892,-1.35784867133382,2.94413933071388,1.75018226244195,0.392333591108125,-0.0551009338076036,-0.456513502596305,0.989830005633453,0.588417436844751,0.0932701663722609,0.957219752995937,0.658460550936427,0.347226370823101,0.570217523265773,0.927660783362416,0.963337022501052,0.97151505043903,0.473273497583674,0.871979701405367,0.962056296376378,0.3304996256313,0.803620683803328,0,0,0,0,0
U1-snRNP-C,10.3760145117675,0.410419719873239,-0.577923455274245,0.141096634307329,-0.847246540840155,-1.4251699961144,0.684521555926195,-0.963893896065113,0.235329061873131,-1.41308639011818,-1.68077887910694,0.510287182803298,0.359410699645411,0.819036514194924,0.190104604128287,0.125903757208496,0.615863841314325,0.97151505043903,0.868675090812798,0.572892880632096,0.629518786042478,1.11632238944723,0.390911699013297,0,0,0,0,0
Vimentin,10.1141779460961,-0.838058166339856,-0.0939270436271578,-0.728474526435054,0.015656596277644,-0.0782704473495137,-3.33729699317678,-0.374034229203823,-2.90091540697628,0.0623473569966682,-0.220395900944504,0.00827112193286776,0.71673613115559,0.0169348419438641,0.951601241434272,0.830309190599421,0.039554934965407,0.97151505043903,0.0911876104669608,0.986301605063488,0.962056296376378,6.53381192408409,0.0114622881153771,-1,0,0,0,0
Vitronectin,10.5459208245887,-0.232977472978504,1.30208430136898,-1.24027963266361,0.29478214168388,1.59686644305286,-0.241446244024644,1.3494152887391,-1.28536400974065,0.305497523023096,1.17020007146954,0.814431222077895,0.209028193044928,0.22964619344401,0.766692200164412,0.27093665679584,0.839208054889857,0.97151505043903,0.382743655740017,0.941551824763313,0.738108387632009,1.02660837785249,0.424375136778298,0,0,0,0,0
Anti-Ig,13.9898826680767,0.446827781155712,-0.987159902089369,0.989275745592799,-0.444711937652281,-1.43187183974165,0.615611141582676,-1.36004666647641,1.36296174223824,-0.61269606582085,-1.39493976354387,0.552867274934385,0.205761494742896,0.204873369151696,0.554712633155315,0.195342661453095,0.652662437227009,0.97151505043903,0.358528396015468,0.871979701405367,0.738108387632009,1.39416624412055,0.304608357447826,0,0,0,0,0
Ig control,11.7559344109466,1.43214179248531,-1.13413411182233,2.09716444840621,-0.469111455901428,-1.60324556772376,1.78311543530659,-1.41207529248112,2.6111145683696,-0.584076159418107,-1.41149222791331,0.107052028556345,0.1903932573369,0.0274201744719291,0.573015232352099,0.19055988452698,0.2210843613173,0.97151505043903,0.109296706399974,0.871979701405367,0.738108387632009,3.99657675141342,0.0444174403126729,0,0,0,0,0
